<?xml version="1.0" encoding="UTF-8"?>
<project-private xmlns="http://www.netbeans.org/ns/project-private/1">
    <editor-bookmarks xmlns="http://www.netbeans.org/ns/editor-bookmarks/2" lastBookmarkId="0"/>
    <open-files xmlns="http://www.netbeans.org/ns/projectui-open-files/2">
        <group>
            <file>file:/home/mayk/Downloads/JogoCavalos/src/view/Principal.java</file>
            <file>file:/home/mayk/Downloads/JogoCavalos/src/controle/RegraJogo.java</file>
            <file>file:/home/mayk/Downloads/JogoCavalos/src/controle/GerenciadorResultadoCavalos.java</file>
            <file>file:/home/mayk/Downloads/JogoCavalos/src/view/TelaResultado.java</file>
            <file>file:/home/mayk/Downloads/JogoCavalos/src/controle/IGerenciadorApostador.java</file>
            <file>file:/home/mayk/Downloads/JogoCavalos/src/view/NovaAposta.java</file>
            <file>file:/home/mayk/Downloads/JogoCavalos/src/view/NovoApostador.java</file>
            <file>file:/home/mayk/Downloads/JogoCavalos/src/dados/EntradaSaidaCavalos.java</file>
            <file>file:/home/mayk/Downloads/JogoCavalos/src/controle/GerenciadorApostador.java</file>
            <file>file:/home/mayk/Downloads/JogoCavalos/src/controle/RegraJogoCavalos.java</file>
        </group>
    </open-files>
</project-private>
